{"cameraMode":{"drawMode":0,"name":"Shaded","section":"Shading Mode"},"sceneLighting":true,"audioPlay":false,"sceneViewState":{"showFog":false,"showMaterialUpdate":false,"showSkybox":false,"showFlares":false,"showImageEffects":false,"showParticleSystems":false},"in2DMode":false,"pivot":{"x":-0.2352886199951172,"y":0.2298130989074707,"z":0.040470123291015628},"rotation":{"x":-0.07342629134654999,"y":0.9217378497123718,"z":-0.2156337946653366,"w":-0.31386449933052065},"size":6.0073957443237309,"orthographic":false}