{"cameraMode":{"drawMode":0,"name":"Shaded","section":"Shading Mode"},"sceneLighting":true,"audioPlay":false,"sceneViewState":{"showFog":false,"showMaterialUpdate":false,"showSkybox":false,"showFlares":false,"showImageEffects":false,"showParticleSystems":false},"in2DMode":false,"pivot":{"x":-17.731647491455079,"y":1.8703755140304566,"z":20.255050659179689},"rotation":{"x":0.17576733231544496,"y":0.8242408037185669,"z":-0.3743370771408081,"w":0.3870290517807007},"size":17.53675079345703,"orthographic":false}