{"cameraMode":{"drawMode":0,"name":"Shaded","section":"Shading Mode"},"sceneLighting":true,"audioPlay":false,"sceneViewState":{"showFog":false,"showMaterialUpdate":false,"showSkybox":false,"showFlares":false,"showImageEffects":false,"showParticleSystems":false},"in2DMode":false,"pivot":{"x":-32.8767204284668,"y":8.579742431640625,"z":8.432185173034668},"rotation":{"x":0.030446868389844896,"y":-0.9626454710960388,"z":0.12039882689714432,"w":0.2410179227590561},"size":54.640254974365237,"orthographic":false}