{"cameraMode":{"drawMode":0,"name":"Shaded","section":"Shading Mode"},"sceneLighting":true,"audioPlay":false,"sceneViewState":{"showFog":false,"showMaterialUpdate":false,"showSkybox":false,"showFlares":false,"showImageEffects":false,"showParticleSystems":false},"in2DMode":false,"pivot":{"x":543.7644653320313,"y":45.72392272949219,"z":-23.431621551513673},"rotation":{"x":-0.01889670081436634,"y":0.02877182327210903,"z":0.00044627816532738507,"w":0.9994704723358154},"size":268.6005554199219,"orthographic":false}