{"cameraMode":{"drawMode":0,"name":"Shaded","section":"Shading Mode"},"sceneLighting":true,"audioPlay":false,"sceneViewState":{"showFog":false,"showMaterialUpdate":false,"showSkybox":false,"showFlares":false,"showImageEffects":false,"showParticleSystems":false},"in2DMode":false,"pivot":{"x":0.9028444290161133,"y":1.1667299270629883,"z":-9.804397583007813},"rotation":{"x":-0.10238141566514969,"y":0.5576868057250977,"z":-0.06872647255659104,"w":-0.8210976123809815},"size":4.805717468261719,"orthographic":false}