{"cameraMode":{"drawMode":0,"name":"Shaded","section":"Shading Mode"},"sceneLighting":true,"audioPlay":false,"sceneViewState":{"showFog":false,"showMaterialUpdate":false,"showSkybox":false,"showFlares":false,"showImageEffects":false,"showParticleSystems":false},"in2DMode":false,"pivot":{"x":-15.743854522705079,"y":-0.0009444355964660645,"z":1.2941797971725464},"rotation":{"x":-0.15884336829185487,"y":0.7408596277236939,"z":-0.18769362568855287,"w":-0.6252542734146118},"size":45.56606674194336,"orthographic":false}