{"cameraMode":{"drawMode":0,"name":"Shaded","section":"Shading Mode"},"sceneLighting":true,"audioPlay":false,"sceneViewState":{"showFog":false,"showMaterialUpdate":false,"showSkybox":false,"showFlares":false,"showImageEffects":false,"showParticleSystems":false},"in2DMode":false,"pivot":{"x":-56.83136749267578,"y":16.207195281982423,"z":25.90373420715332},"rotation":{"x":-0.02675984427332878,"y":0.9723735451698303,"z":0.14190366864204408,"w":0.18400683999061585},"size":25.661287307739259,"orthographic":false}